{"cameraMode":{"drawMode":0,"name":"Shaded","section":"Shading Mode"},"sceneLighting":false,"audioPlay":false,"sceneViewState":{"m_AlwaysRefresh":false,"showFog":true,"showSkybox":false,"showFlares":true,"showImageEffects":true,"showParticleSystems":true,"showVisualEffectGraphs":true,"m_FxEnabled":true},"in2DMode":false,"pivot":{"x":0.6431576609611511,"y":-5.001057147979736,"z":0.765416145324707},"rotation":{"x":0.004172682296484709,"y":-0.9574164748191834,"z":0.2886342704296112,"w":0.013476666994392872},"size":4.841012001037598,"orthographic":false}