{"cameraMode":{"drawMode":0,"name":"Shaded","section":"Shading Mode"},"sceneLighting":true,"audioPlay":false,"sceneViewState":{"showFog":true,"showMaterialUpdate":false,"showSkybox":true,"showFlares":true,"showImageEffects":true,"showParticleSystems":true,"showVisualEffectGraphs":true,"m_FxEnabled":true},"in2DMode":false,"pivot":{"x":0.5080423355102539,"y":-0.4373757243156433,"z":0.5803160667419434},"rotation":{"x":0.2394234538078308,"y":0.38965365290641787,"z":-0.10461552441120148,"w":0.8832932710647583},"size":2.209834098815918,"orthographic":false}